title,company,location,experience,salary,status,note,applied_at,url
Python developers,N/A,Kochi,0-1 Yrs,N/A,applied,Apply flow completed,2026-05-02 11:31:49,https://www.naukri.com/job-listings-python-developers-infox-technologies-kochi-0-to-1-years-190224501278
"Full Stack Developer (PHP, Laravel)",N/A,"Hyderabad, New Delhi, Bengaluru, Mumbai, Kolkata, Pune, Chennai",0-3 Yrs,N/A,applied,Apply flow completed,2026-05-02 11:32:18,https://www.naukri.com/job-listings-full-stack-developer-php-laravel-cupid-knot-kolkata-mumbai-new-delhi-hyderabad-pune-chennai-bengaluru-0-to-3-years-130225506970
Fullstack Developer Intern,N/A,"New Delhi, Bengaluru, Mumbai",0-1 Yrs,N/A,applied,Apply flow completed,2026-05-02 11:32:46,https://www.naukri.com/job-listings-fullstack-developer-intern-mitigata-mumbai-new-delhi-bengaluru-0-to-1-years-021225506508
Backend Developer Intern,N/A,Remote,0-1 Yrs,N/A,applied,Submitted successfully,2026-05-02 11:33:00,https://www.naukri.com/job-listings-backend-developer-intern-ecowiser-hyderabad-0-to-1-years-300426913815
MERN Stack Developer (Intern),N/A,"Hyderabad, Hyderabad, Mumbai, Mumbai",0-1 Yrs,N/A,applied,Submitted successfully,2026-05-02 11:33:14,https://www.naukri.com/job-listings-mern-stack-developer-intern-adengage-mumbai-hyderabad-mumbai-hyderabad-0-to-1-years-210426909779
Django Training Interns,N/A,Nagpur,0-1 Yrs,N/A,applied,Submitted successfully,2026-05-02 11:33:29,https://www.naukri.com/job-listings-django-training-interns-techquadra-software-solutions-nagpur-0-to-1-years-300426913601
Junior Software Engineer ( Full Stack ),N/A,Chennai,0-2 Yrs,N/A,applied,Apply flow completed,2026-05-02 11:33:57,https://www.naukri.com/job-listings-junior-software-engineer-full-stack-hakuna-matata-chennai-0-to-2-years-300426501400
Software Developer,N/A,Bengaluru,0 Yrs,N/A,applied,Submitted successfully,2026-05-02 11:34:11,https://www.naukri.com/job-listings-software-developer-vibry-business-solutions-bengaluru-0-to-0-years-240426011540
Java / SAP / python/ BTP / react/ aws(Multiple Openings),Posted by Orcapod Consulting Services,"Hybrid - Hyderabad, Bengaluru, Chennai",0-5 Yrs,N/A,applied,Submitted successfully,2026-05-02 11:34:24,https://www.naukri.com/job-listings-java-sap-python-btp-react-aws-multiple-openings-orcapod-consulting-services-hyderabad-chennai-bengaluru-0-to-5-years-240426027501
Full Stack Intern,N/A,Hyderabad,0-1 Yrs,N/A,applied,Submitted successfully,2026-05-02 11:34:38,https://www.naukri.com/job-listings-full-stack-intern-tensorgo-technologies-hyderabad-0-to-1-years-310326912193
SDE - 1,N/A,Gurugram,0-3 Yrs,N/A,applied,Apply flow completed,2026-05-02 11:35:06,https://www.naukri.com/job-listings-sde-1-dzylo-gurugram-0-to-3-years-160426502273
Backend Developer Intern,N/A,Bengaluru,0-1 Yrs,N/A,applied,Apply flow completed,2026-05-02 11:35:33,https://www.naukri.com/job-listings-backend-developer-intern-cvviz-softwares-pvt-ltd-bengaluru-0-to-1-years-280126505608
FullStack Developer Intern,N/A,Gurugram,0-3 Yrs,N/A,applied,Apply flow completed,2026-05-02 11:36:01,https://www.naukri.com/job-listings-fullstack-developer-intern-aegiscovenant-gurugram-0-to-3-years-270225501698
Full Stack Developer - Trainee,N/A,Bengaluru,0-3 Yrs,N/A,applied,Apply flow completed,2026-05-02 11:36:28,https://www.naukri.com/job-listings-full-stack-developer-trainee-karthika-consulting-solutions-pvt-ltd-bengaluru-0-to-3-years-130525500450
Senior .NET Full-Stack Developer,N/A,Mumbai,0-1 Yrs,N/A,applied,Apply flow completed,2026-05-02 11:36:56,https://www.naukri.com/job-listings-senior-net-full-stack-developer-vakils-premedia-pvt-ltd-mumbai-0-to-1-years-090426500106
Senior Associate Software Engineer - Devops,N/A,Mumbai,0-1 Yrs,N/A,applied,Apply flow completed,2026-05-02 11:37:24,https://www.naukri.com/job-listings-senior-associate-software-engineer-devops-aegon-religare-life-insurance-company-ltd-mumbai-0-to-1-years-010426500303
Golang developer,N/A,"Bengaluru, Hubli, Mangaluru, Mysuru, Belgaum",0-5 Yrs,N/A,applied,Apply flow completed,2026-05-02 11:37:54,https://www.naukri.com/job-listings-golang-developer-logicplanet-it-services-hubli-mangaluru-mysuru-bengaluru-belgaum-0-to-5-years-240226505121
Java Full Stack Developer,N/A,"Bengaluru, Hubli, Mangaluru, Mysuru, Belgaum",0-5 Yrs,N/A,applied,Apply flow completed,2026-05-02 11:38:22,https://www.naukri.com/job-listings-java-full-stack-developer-logicplanet-it-services-hubli-mangaluru-mysuru-bengaluru-belgaum-0-to-5-years-240226505110
Blockchain Developer,N/A,Gurugram,0-3 Yrs,N/A,applied,Apply flow completed,2026-05-02 11:38:49,https://www.naukri.com/job-listings-blockchain-developer-vdoit-technologies-pvt-ltd-gurugram-0-to-3-years-301025506018
Web Developer,N/A,Gurugram,0-3 Yrs,N/A,applied,Apply flow completed,2026-05-02 11:39:17,https://www.naukri.com/job-listings-web-developer-yocreativ-gurugram-0-to-3-years-290725502002
